{
  "ground_normal": [
    -0.007592865731567144,
    0.999761164188385,
    -0.020493295043706894
  ],
  "ground_centroid": [
    4.108464241027832,
    20.89391326904297,
    3.8431320190429688
  ],
  "tilt_deg": 1.2522642939139539,
  "campusSplat_rotation": {
    "x": 1.1742953062057495,
    "y": 0,
    "z": -0.4351347088813782
  },
  "eye_level_world": [
    4.095556259155273,
    22.593507766723633,
    3.808293342590332
  ],
  "ground_y_ply": 20.89391326904297,
  "bbox_min": [
    -26.516357421875,
    -0.7529296875,
    -16.875244140625
  ],
  "bbox_max": [
    37.700927734375,
    65.012451171875,
    36.437744140625
  ]
}